{
	"entity.cow.ambient": {
		"sounds": [
		{
			"name": "mob/cow/say1",
			"volume": 0.05
		},
		{
			"name": "mob/cow/say2",
			"volume": 0.05
		},
		{
			"name": "mob/cow/say3",
			"volume": 0.05
		},
		{
			"name": "mob/cow/say4",
			"volume": 0.05
		}
		],
		"replace": true,
		"subtitle": "subtitles.entity.cow.ambient"
	},
	"entity.cow.death": {
		"sounds": [
		{
			"name": "mob/cow/hurt1",
			"volume": 0.05
		},
		{
			"name": "mob/cow/hurt2",
			"volume": 0.05
		},
		{
			"name": "mob/cow/hurt3",
			"volume": 0.05
		}
		],
		"replace": true,
		"subtitle": "subtitles.entity.cow.death"
	},
	"entity.cow.hurt": {
		"sounds": [
		{
			"name": "mob/cow/hurt1",
			"volume": 0.05
		},
		{
			"name": "mob/cow/hurt2",
			"volume": 0.05
		},
		{
			"name": "mob/cow/hurt3",
			"volume": 0.05
		}
		],
		"replace": true,
		"subtitle": "subtitles.entity.cow.hurt"
	},
	"entity.cow.milk": {
		"sounds": [
		{
			"name": "mob/cow/milk1",
			"volume": 0.05
		},
		{
			"name": "mob/cow/milk2",
			"volume": 0.05
		},
		{
			"name": "mob/cow/milk3",
			"volume": 0.05
		}
		],
		"replace": true,
		"subtitle": "subtitles.entity.cow.milk"
	},
	"entity.cow.step": {
		"sounds": [
		{
			"name": "mob/cow/step1",
			"volume": 0.05
		},
		{
			"name": "mob/cow/step2",
			"volume": 0.05
		},
		{
			"name": "mob/cow/step3",
			"volume": 0.05
		},
		{
			"name": "mob/cow/step4",
			"volume": 0.05
		}
		],
		"replace": true,
		"subtitle": "subtitles.block.generic.footsteps"
	}
}